{
    "data": [
        [ [ 1000 , 1150 , 20  , 200  , "N" , 1 ] , [ 1000 , 1150 , 200 , 0   , "N" , 1 ] ] ,
        [ [ 1100 , 1850 , 200 , -300 , "N" , 1 ] , [ 1500 , 1150 , 200 , 0   , "N" , 1 ] ] ,
        [ [ 1500 , 1150 , 200 , 80   , "N" , 0 ] , [ 5000 , 1150 , 200 , 0   , "N" , 1 ] ] ,
        [ [ 5000 , 1850 , 200 , -200 , "N" , 0 ] , [ 6000 , 1150 , 200 , 0   , "N" , 1 ] ] ,
        [ [ 6000 , 1150 , 200 , 200  , "N" , 0 ] , [ 0    , 0    , 200 , 200 , "N" , 0 ] ] ,
        [ [ 0    , 0    , 200 , 200  , "N" , 0 ] , [ 0    , 0    , 200 , 200 , "N" , 0 ] ] 
    ]            ,

    "frame_rate": 2.0, "number_of_evacuees": 2, "project_name": "test1", "simulation_id": 1, "simulation_time": 200, "time_shift": 150.61 }
