{
    "data": [
        [ [ 1000 , 1150 , 20  , 200  , "N" , 1 ] , [ 1000 , 1150 , 200 , 0   , "N" , 1 ] , [ 1050 , 1100 , 10 , 10 , "N" , 1 ]  ] ,
        [ [ 1100 , 1850 , 200 , -300 , "N" , 1 ] , [ 1500 , 1150 , 200 , 0   , "N" , 1 ] , [ 1050 , 1100 , 10 , 10 , "L" , 1 ]  ]  ,
        [ [ 1500 , 1150 , 200 , 80   , "L" , 1 ] , [ 5000 , 1150 , 200 , 0   , "N" , 1 ] , [ 1050 , 1100 , 10 , 10 , "M" , 1 ]  ] ,
        [ [ 5000 , 1850 , 200 , -200 , "L" , 1 ] , [ 6000 , 1150 , 200 , 0   , "N" , 1 ] , [ 1050 , 1100 , 10 , 10 , "H" , 1 ]  ] ,
        [ [ 6000 , 1150 , 200 , 200  , "L" , 1 ] , [ 0    , 0    , 200 , 200 , "N" , 0 ] , [ 1050 , 1100 , 10 , 10 , "H" , 1 ]  ] ,
        [ [ 6020 , 1150 , 200 , 200  , "L" , 1 ] , [ 0    , 0    , 200 , 200 , "N" , 0 ] , [ 1050 , 1100 , 10 , 10 , "H" , 1 ]  ] ,
        [ [ 6040 , 1150 , 200 , 200  , "L" , 1 ] , [ 0    , 0    , 200 , 200 , "N" , 0 ] , [ 1050 , 1100 , 10 , 10 , "H" , 1 ]  ] ,
        [ [ 6060 , 1150 , 200 , 200  , "L" , 1 ] , [ 0    , 0    , 200 , 200 , "N" , 0 ] , [ 1050 , 1100 , 10 , 10 , "H" , 1 ]  ] ,
        [ [ 6070 , 1150 , 200 , 200  , "L" , 1 ] , [ 0    , 0    , 200 , 200 , "N" , 0 ] , [ 1050 , 1100 , 10 , 10 , "H" , 1 ]  ] ,
        [ [ 6075 , 1150 , 200 , 200  , "L" , 1 ] , [ 0    , 0    , 200 , 200 , "N" , 0 ] , [ 1050 , 1100 , 10 , 10 , "H" , 1 ]  ] ,
        [ [ 6080 , 1150 , 200 , 200  , "L" , 1 ] , [ 0    , 0    , 200 , 200 , "N" , 0 ] , [ 1050 , 1100 , 10 , 10 , "H" , 1 ]  ] ,
        [ [ 6100 , 1150 , 200 , 200  , "L" , 1 ] , [ 0    , 0    , 200 , 200 , "N" , 0 ] , [ 1050 , 1100 , 10 , 10 , "H" , 1 ]  ] ,
        [ [ 0    , 0    , 200 , 200  , "L" , 0 ] , [ 0    , 0    , 200 , 200 , "N" , 0 ] , [ 1050 , 1100 , 10 , 10 , "H" , 1 ]  ]
    ]            ,

    "frame_rate": 2.0, "project_name": "test1", "simulation_id": 1, "simulation_time": 200, "time_shift": 150.61 }
