{ 
"simulation_id": 1, "simulation_time": 20, "time_shift": 0, 
"animations": { 

	"evacuees": [
		[[1200,500,0,100,"H",1],[1000,950,0,0,"N",1],[1800,995,0,100,"L",1],[2100,500,0,50,"M",1]],
		[[1200,995,0,100,"H",1],[1500,750,0,0,"N",1],[1800,500,0,100,"L",1],[2100,750,0,50,"M",1]],
		[[1200,500,0,100,"H",1],[2000,550,0,0,"N",1],[1800,995,0,100,"L",1],[2100,500,0,50,"M",1]],
		[[1200,995,0,100,"H",1],[1500,750,0,0,"N",1],[1800,500,0,100,"L",1],[2100,750,0,50,"M",1]],
		[[1200,500,0,100,"H",1],[1000,950,0,0,"N",1],[1800,995,0,100,"L",1],[2100,500,0,50,"M",1]]
	], 

	"rooms_opacity": [
		{ "r1": 0.1 , "r2": 0.5 , "r3": 0.6 } ,
		{ "r1": 0.2 , "r2": 0.4 , "r3": 0.3 } ,
		{ "r1": 0.3 , "r2": 0.3 , "r3": 0 }   ,
		{ "r1": 0.4 , "r2": 0.2 , "r3": 0 }   ,
		{ "r1": 0.5 , "r2": 0.1 , "r3": 0 }
	] 
}

}
